mean_score,std dev score, max_features, min_samples_split, criterion, max_depth, min_samples_leaf
0.96467094992,0.00357363170883,None,2,gini,9,2
0.963077106441,0.00380214187747,None,64,gini,9,2
0.939217342457,0.00375316613281,None,512,gini,9,2
0.936918253214,0.00354943949799,None,2048,gini,9,2
0.907232438855,0.00518132470164,None,4096,gini,9,2
0.853825208226,0.00554218883396,None,8192,gini,9,2
0.954849276709,0.00294654150327,None,2,gini,9,64
0.954849276709,0.00294654150327,None,64,gini,9,64
0.937957218115,0.00380156504092,None,512,gini,9,64
0.936196721059,0.00361224853768,None,2048,gini,9,64
0.906659933525,0.00509330173022,None,4096,gini,9,64
0.853351061108,0.00563098478849,None,8192,gini,9,64
0.926444919241,0.0047941325319,None,2,gini,9,512
0.926444919241,0.0047941325319,None,64,gini,9,512
0.926444919241,0.0047941325319,None,512,gini,9,512
0.927566154582,0.00399693474131,None,2048,gini,9,512
0.907172682548,0.00573305446682,None,4096,gini,9,512
0.853746485129,0.00611470846392,None,8192,gini,9,512
0.902316469998,0.00481122329563,None,2,gini,9,2048
0.902316469998,0.00481122329563,None,64,gini,9,2048
0.902316469998,0.00481122329563,None,512,gini,9,2048
0.902316469998,0.00481122329563,None,2048,gini,9,2048
0.902316469998,0.00481122329563,None,4096,gini,9,2048
0.853746485129,0.00611470846392,None,8192,gini,9,2048
0.853571913946,0.0064245355954,None,2,gini,9,4096
0.853571913946,0.0064245355954,None,64,gini,9,4096
0.853571913946,0.0064245355954,None,512,gini,9,4096
0.853571913946,0.0064245355954,None,2048,gini,9,4096
0.853571913946,0.0064245355954,None,4096,gini,9,4096
0.853571913946,0.0064245355954,None,8192,gini,9,4096
0.85414351147,0.00522643614048,None,2,gini,9,8192
0.85414351147,0.00522643614048,None,64,gini,9,8192
0.85414351147,0.00522643614048,None,512,gini,9,8192
0.85414351147,0.00522643614048,None,2048,gini,9,8192
0.85414351147,0.00522643614048,None,4096,gini,9,8192
0.85414351147,0.00522643614048,None,8192,gini,9,8192
0.916081890686,0.00876612496331,sqrt,2,gini,9,2
0.91548273196,0.0119565871538,sqrt,64,gini,9,2
0.900910974204,0.010169424674,sqrt,512,gini,9,2
0.872159817893,0.0154945434901,sqrt,2048,gini,9,2
0.860306375755,0.0266124612185,sqrt,4096,gini,9,2
0.856720144058,0.0227473789642,sqrt,8192,gini,9,2
0.907445572494,0.0169783873617,sqrt,2,gini,9,64
0.904364872452,0.0127658253601,sqrt,64,gini,9,64
0.894344751504,0.019944103194,sqrt,512,gini,9,64
0.876215293904,0.0130533683774,sqrt,2048,gini,9,64
0.864457670173,0.0189624656039,sqrt,4096,gini,9,64
0.851467466557,0.0239739273452,sqrt,8192,gini,9,64
0.873018027579,0.0156804080944,sqrt,2,gini,9,512
0.877843385691,0.0173905632941,sqrt,64,gini,9,512
0.875493483694,0.0111940320692,sqrt,512,gini,9,512
0.865400627362,0.0233437922761,sqrt,2048,gini,9,512
0.836475071313,0.0248232964405,sqrt,4096,gini,9,512
0.850466034347,0.0387841352346,sqrt,8192,gini,9,512
0.831861275695,0.0268612772089,sqrt,2,gini,9,2048
0.825031992035,0.0627858549476,sqrt,64,gini,9,2048
0.811542724064,0.0599991370928,sqrt,512,gini,9,2048
0.835027338286,0.0425047483299,sqrt,2048,gini,9,2048
0.818126806065,0.0602558440462,sqrt,4096,gini,9,2048
0.832069947542,0.0266182280672,sqrt,8192,gini,9,2048
0.822803284626,0.0382624307877,sqrt,2,gini,9,4096
0.837865791458,0.0468311729953,sqrt,64,gini,9,4096
0.808594337853,0.0364099843003,sqrt,512,gini,9,4096
0.835184208773,0.0325413562784,sqrt,2048,gini,9,4096
0.822889805402,0.0370015849888,sqrt,4096,gini,9,4096
0.824694609187,0.0285519691448,sqrt,8192,gini,9,4096
0.740991256998,0.0755002724052,sqrt,2,gini,9,8192
0.677690540795,0.241850266166,sqrt,64,gini,9,8192
0.747713330364,0.0983743084982,sqrt,512,gini,9,8192
0.656043708193,0.237441641846,sqrt,2048,gini,9,8192
0.768645147001,0.0782341164378,sqrt,4096,gini,9,8192
0.673150437026,0.23927982576,sqrt,8192,gini,9,8192
0.880401810875,0.0227450970449,log2,2,gini,9,2
0.879775013118,0.0222794981,log2,64,gini,9,2
0.873386857184,0.0229866960438,log2,512,gini,9,2
0.856090023232,0.0197699496041,log2,2048,gini,9,2
0.827109145233,0.03095428975,log2,4096,gini,9,2
0.82453471992,0.0439167021076,log2,8192,gini,9,2
0.875988294599,0.0239382482764,log2,2,gini,9,64
0.85835632545,0.0273658627615,log2,64,gini,9,64
0.845666209271,0.070013344634,log2,512,gini,9,64
0.849923977253,0.0221976740632,log2,2048,gini,9,64
0.823501698236,0.0607822768651,log2,4096,gini,9,64
0.777486895501,0.0686442514064,log2,8192,gini,9,64
0.829315159119,0.0454722442098,log2,2,gini,9,512
0.812121774227,0.0336534773089,log2,64,gini,9,512
0.746057317867,0.254499093141,log2,512,gini,9,512
0.724442704226,0.245095172261,log2,2048,gini,9,512
0.833303820966,0.0322942929382,log2,4096,gini,9,512
0.79128829708,0.04717415355,log2,8192,gini,9,512
0.641690628085,0.327175830101,log2,2,gini,9,2048
0.618936504892,0.314347634321,log2,64,gini,9,2048
0.78983234176,0.0449537310846,log2,512,gini,9,2048
0.804415801353,0.0496562724,log2,2048,gini,9,2048
0.686078828293,0.235459858435,log2,4096,gini,9,2048
0.76145037941,0.0478649962588,log2,8192,gini,9,2048
0.740791519986,0.0967137549026,log2,2,gini,9,4096
0.781121711308,0.0773515042228,log2,64,gini,9,4096
0.741822691962,0.115395905109,log2,512,gini,9,4096
0.782278419409,0.0488373964905,log2,2048,gini,9,4096
0.721825405567,0.246038747247,log2,4096,gini,9,4096
0.72780023506,0.24754747798,log2,8192,gini,9,4096
0.67184223242,0.235858724666,log2,2,gini,9,8192
0.539499359758,0.361918080534,log2,64,gini,9,8192
0.664266803302,0.236173868012,log2,512,gini,9,8192
0.540029024682,0.361819864955,log2,2048,gini,9,8192
0.622398150082,0.227918379737,log2,4096,gini,9,8192
0.440435553111,0.369702422422,log2,8192,gini,9,8192
0.969596506198,0.00214650922563,None,2,gini,10,2
0.967430871531,0.0023555921926,None,64,gini,10,2
0.941769532304,0.0029704776074,None,512,gini,10,2
0.936937194134,0.00354317508899,None,2048,gini,10,2
0.907243105401,0.00516591581541,None,4096,gini,10,2
0.853825208226,0.00554218883396,None,8192,gini,10,2
0.958806932136,0.00272183411872,None,2,gini,10,64
0.958806932136,0.00272183411872,None,64,gini,10,64
0.940419678232,0.00306224107452,None,512,gini,10,64
0.936196721059,0.00361224853768,None,2048,gini,10,64
0.906659933525,0.00509330173022,None,4096,gini,10,64
0.853351061108,0.00563098478849,None,8192,gini,10,64
0.926444919241,0.0047941325319,None,2,gini,10,512
0.926444919241,0.0047941325319,None,64,gini,10,512
0.926444919241,0.0047941325319,None,512,gini,10,512
0.927566154582,0.00399693474131,None,2048,gini,10,512
0.907172682548,0.00573305446682,None,4096,gini,10,512
0.853746485129,0.00611470846392,None,8192,gini,10,512
0.902316469998,0.00481122329563,None,2,gini,10,2048
0.902316469998,0.00481122329563,None,64,gini,10,2048
0.902316469998,0.00481122329563,None,512,gini,10,2048
0.902316469998,0.00481122329563,None,2048,gini,10,2048
0.902316469998,0.00481122329563,None,4096,gini,10,2048
0.853746485129,0.00611470846392,None,8192,gini,10,2048
0.853571913946,0.0064245355954,None,2,gini,10,4096
0.853571913946,0.0064245355954,None,64,gini,10,4096
0.853571913946,0.0064245355954,None,512,gini,10,4096
0.853571913946,0.0064245355954,None,2048,gini,10,4096
0.853571913946,0.0064245355954,None,4096,gini,10,4096
0.853571913946,0.0064245355954,None,8192,gini,10,4096
0.85414351147,0.00522643614048,None,2,gini,10,8192
0.85414351147,0.00522643614048,None,64,gini,10,8192
0.85414351147,0.00522643614048,None,512,gini,10,8192
0.85414351147,0.00522643614048,None,2048,gini,10,8192
0.85414351147,0.00522643614048,None,4096,gini,10,8192
0.85414351147,0.00522643614048,None,8192,gini,10,8192
0.929426224172,0.0107264081581,sqrt,2,gini,10,2
0.922441721037,0.00870313385005,sqrt,64,gini,10,2
0.909029570898,0.00906447204791,sqrt,512,gini,10,2
0.870758701224,0.0137988358519,sqrt,2048,gini,10,2
0.870989228317,0.0197697430507,sqrt,4096,gini,10,2
0.861553448565,0.0133485489771,sqrt,8192,gini,10,2
0.913129455518,0.0162079349734,sqrt,2,gini,10,64
0.895368544677,0.0604375873127,sqrt,64,gini,10,64
0.878360663349,0.0546181128956,sqrt,512,gini,10,64
0.871983692645,0.0147257145442,sqrt,2048,gini,10,64
0.848156299958,0.0198578814108,sqrt,4096,gini,10,64
0.841429342362,0.0318710203705,sqrt,8192,gini,10,64
0.86540013565,0.0185768924532,sqrt,2,gini,10,512
0.875906792239,0.0169619978119,sqrt,64,gini,10,512
0.880577293384,0.0176940501361,sqrt,512,gini,10,512
0.868920535296,0.0225758713423,sqrt,2048,gini,10,512
0.860342333624,0.02988912689,sqrt,4096,gini,10,512
0.844729197124,0.0280451439164,sqrt,8192,gini,10,512
0.818411476134,0.0339551658226,sqrt,2,gini,10,2048
0.837763931692,0.0294608400771,sqrt,64,gini,10,2048
0.833053125452,0.0332573554776,sqrt,512,gini,10,2048
0.815230020271,0.0543910554565,sqrt,2048,gini,10,2048
0.849709458253,0.0148714265831,sqrt,4096,gini,10,2048
0.820138294911,0.0343441123283,sqrt,8192,gini,10,2048
0.795242217439,0.0590654547454,sqrt,2,gini,10,4096
0.807130228806,0.0616991339276,sqrt,64,gini,10,4096
0.812604460013,0.0495276690802,sqrt,512,gini,10,4096
0.804026407012,0.0526609382666,sqrt,2048,gini,10,4096
0.810541201063,0.048228960661,sqrt,4096,gini,10,4096
0.8101180679,0.04673515536,sqrt,8192,gini,10,4096
0.753931903156,0.0700687198051,sqrt,2,gini,10,8192
0.77739977315,0.0766394423822,sqrt,64,gini,10,8192
0.752492683232,0.0771400543809,sqrt,512,gini,10,8192
0.718976581113,0.089523516244,sqrt,2048,gini,10,8192
0.725456480623,0.0781800624821,sqrt,4096,gini,10,8192
0.627705775681,0.232528002216,sqrt,8192,gini,10,8192
0.894918894884,0.0382303484252,log2,2,gini,10,2
0.882366859923,0.0316993483894,log2,64,gini,10,2
0.871478987582,0.0183474953905,log2,512,gini,10,2
0.853371743989,0.0223047338998,log2,2048,gini,10,2
0.846243877911,0.0358385387021,log2,4096,gini,10,2
0.787017062471,0.0454907714801,log2,8192,gini,10,2
0.875525535404,0.0201961397689,log2,2,gini,10,64
0.874804959377,0.0228117512672,log2,64,gini,10,64
0.876985618526,0.0146445904278,log2,512,gini,10,64
0.853031853888,0.0248749909895,log2,2048,gini,10,64
0.839476125004,0.0338974165578,log2,4096,gini,10,64
0.827290930061,0.0435775223066,log2,8192,gini,10,64
0.79297207974,0.087896394072,log2,2,gini,10,512
0.794618141648,0.088356138681,log2,64,gini,10,512
0.825070342086,0.034752927065,log2,512,gini,10,512
0.798948745245,0.0645830581218,log2,2048,gini,10,512
0.744589190003,0.25109662792,log2,4096,gini,10,512
0.800839534036,0.0803174699486,log2,8192,gini,10,512
0.643009491273,0.329055871103,log2,2,gini,10,2048
0.709280319125,0.241355043524,log2,64,gini,10,2048
0.629142405265,0.317821866278,log2,512,gini,10,2048
0.718300050705,0.243235649648,log2,2048,gini,10,2048
0.784895525376,0.0346822743607,log2,4096,gini,10,2048
0.716343379736,0.243743865567,log2,8192,gini,10,2048
0.761264914753,0.0795028282231,log2,2,gini,10,4096
0.687141524296,0.245442554701,log2,64,gini,10,4096
0.562989188791,0.302274432614,log2,512,gini,10,4096
0.578813351724,0.300932135543,log2,2048,gini,10,4096
0.654061460998,0.245653222232,log2,4096,gini,10,4096
0.474245239608,0.327540388915,log2,8192,gini,10,4096
0.454855460236,0.382588729653,log2,2,gini,10,8192
0.694921255417,0.241293982704,log2,64,gini,10,8192
0.568657046209,0.302700508937,log2,512,gini,10,8192
0.561313729029,0.294871748797,log2,2048,gini,10,8192
0.474134038256,0.324027291139,log2,4096,gini,10,8192
0.635579853976,0.228271910871,log2,8192,gini,10,8192
0.974609349622,0.00199554295444,None,2,gini,11,2
0.971185114658,0.00223111287091,None,64,gini,11,2
0.94180652401,0.00293278233066,None,512,gini,11,2
0.936918298716,0.00354304478293,None,2048,gini,11,2
0.907232438855,0.00518132470164,None,4096,gini,11,2
0.853835814431,0.00553543817126,None,8192,gini,11,2
0.959687781599,0.00313067360526,None,2,gini,11,64
0.959687781599,0.00313067360526,None,64,gini,11,64
0.940419678232,0.00306224107452,None,512,gini,11,64
0.936196721059,0.00361224853768,None,2048,gini,11,64
0.906659933525,0.00509330173022,None,4096,gini,11,64
0.853351061108,0.00563098478849,None,8192,gini,11,64
0.926444919241,0.0047941325319,None,2,gini,11,512
0.926444919241,0.0047941325319,None,64,gini,11,512
0.926444919241,0.0047941325319,None,512,gini,11,512
0.927566154582,0.00399693474131,None,2048,gini,11,512
0.907172682548,0.00573305446682,None,4096,gini,11,512
0.853746485129,0.00611470846392,None,8192,gini,11,512
0.902316469998,0.00481122329563,None,2,gini,11,2048
0.902316469998,0.00481122329563,None,64,gini,11,2048
0.902316469998,0.00481122329563,None,512,gini,11,2048
0.902316469998,0.00481122329563,None,2048,gini,11,2048
0.902316469998,0.00481122329563,None,4096,gini,11,2048
0.853746485129,0.00611470846392,None,8192,gini,11,2048
0.853571913946,0.0064245355954,None,2,gini,11,4096
0.853571913946,0.0064245355954,None,64,gini,11,4096
0.853571913946,0.0064245355954,None,512,gini,11,4096
0.853571913946,0.0064245355954,None,2048,gini,11,4096
0.853571913946,0.0064245355954,None,4096,gini,11,4096
0.853571913946,0.0064245355954,None,8192,gini,11,4096
0.85414351147,0.00522643614048,None,2,gini,11,8192
0.85414351147,0.00522643614048,None,64,gini,11,8192
0.85414351147,0.00522643614048,None,512,gini,11,8192
0.85414351147,0.00522643614048,None,2048,gini,11,8192
0.85414351147,0.00522643614048,None,4096,gini,11,8192
0.85414351147,0.00522643614048,None,8192,gini,11,8192
0.939851892018,0.00682520991349,sqrt,2,gini,11,2
0.932125627604,0.0100461001731,sqrt,64,gini,11,2
0.91127957756,0.0077690828394,sqrt,512,gini,11,2
0.874536885852,0.0152677944737,sqrt,2048,gini,11,2
0.859162247689,0.0186141760828,sqrt,4096,gini,11,2
0.837457444002,0.023898911169,sqrt,8192,gini,11,2
0.916352945179,0.00980830704003,sqrt,2,gini,11,64
0.910995680445,0.0126016690506,sqrt,64,gini,11,64
0.898796701436,0.0145712816414,sqrt,512,gini,11,64
0.875065265141,0.0159598379469,sqrt,2048,gini,11,64
0.856769182268,0.0188462507383,sqrt,4096,gini,11,64
0.847363973094,0.0275900522944,sqrt,8192,gini,11,64
0.870087513355,0.0150036814699,sqrt,2,gini,11,512
0.869432539276,0.00487170060066,sqrt,64,gini,11,512
0.859835215013,0.022524629432,sqrt,512,gini,11,512
0.859049068744,0.0213872312801,sqrt,2048,gini,11,512
0.858648966924,0.0288789664949,sqrt,4096,gini,11,512
0.839068491288,0.0401420935172,sqrt,8192,gini,11,512
0.836074343357,0.0176937884836,sqrt,2,gini,11,2048
0.841753956837,0.0192634677339,sqrt,64,gini,11,2048
0.844328959957,0.0166663562871,sqrt,512,gini,11,2048
0.838799042757,0.0186665219588,sqrt,2048,gini,11,2048
0.838142651298,0.027925771616,sqrt,4096,gini,11,2048
0.807126353406,0.033979050587,sqrt,8192,gini,11,2048
0.831825110666,0.0339504202372,sqrt,2,gini,11,4096
0.816341706333,0.0575630958548,sqrt,64,gini,11,4096
0.830969146654,0.0356638851317,sqrt,512,gini,11,4096
0.822563192882,0.0561276716405,sqrt,2048,gini,11,4096
0.819146208267,0.0472308962215,sqrt,4096,gini,11,4096
0.829586737944,0.0310702774484,sqrt,8192,gini,11,4096
0.79013287072,0.0730241315096,sqrt,2,gini,11,8192
0.788598764591,0.056953376053,sqrt,64,gini,11,8192
0.724353745241,0.251346050384,sqrt,512,gini,11,8192
0.657940483002,0.233518687908,sqrt,2048,gini,11,8192
0.701264476736,0.249113024852,sqrt,4096,gini,11,8192
0.613388016626,0.312978417911,sqrt,8192,gini,11,8192
0.893220398091,0.0195919167501,log2,2,gini,11,2
0.90238374954,0.013196991651,log2,64,gini,11,2
0.875551209346,0.0268000584652,log2,512,gini,11,2
0.844753159213,0.0239007144988,log2,2048,gini,11,2
0.84063124424,0.0254321086573,log2,4096,gini,11,2
0.824622357985,0.020619381987,log2,8192,gini,11,2
0.870481478591,0.0238449947873,log2,2,gini,11,64
0.861484405476,0.0327299591173,log2,64,gini,11,64
0.828524783895,0.037617443621,log2,512,gini,11,64
0.848856019426,0.0256815154584,log2,2048,gini,11,64
0.816647641511,0.0468325762245,log2,4096,gini,11,64
0.819791366232,0.0376416108833,log2,8192,gini,11,64
0.75707912122,0.120485615506,log2,2,gini,11,512
0.842739208233,0.0309610616212,log2,64,gini,11,512
0.807265240195,0.077583378904,log2,512,gini,11,512
0.835225718209,0.0218733459989,log2,2048,gini,11,512
0.829629539006,0.0255459467576,log2,4096,gini,11,512
0.779245220888,0.0661194264979,log2,8192,gini,11,512
0.813355394676,0.0600840919025,log2,2,gini,11,2048
0.712193906943,0.0631929513432,log2,64,gini,11,2048
0.793812153564,0.0606788893278,log2,512,gini,11,2048
0.704264603283,0.24031344213,log2,2048,gini,11,2048
0.727551365275,0.247487939743,log2,4096,gini,11,2048
0.706410616302,0.239490307827,log2,8192,gini,11,2048
0.824978404286,0.0393070469259,log2,2,gini,11,4096
0.785639896509,0.0729690306326,log2,64,gini,11,4096
0.762510064358,0.0742961755254,log2,512,gini,11,4096
0.783948730717,0.0697194194611,log2,2048,gini,11,4096
0.718601286286,0.163979401594,log2,4096,gini,11,4096
0.730148221071,0.0898631273326,log2,8192,gini,11,4096
0.690300305464,0.248354377105,log2,2,gini,11,8192
0.578007566629,0.300882689761,log2,64,gini,11,8192
0.612921829925,0.228695466683,log2,512,gini,11,8192
0.521934527258,0.351394646534,log2,2048,gini,11,8192
0.585736340099,0.299517527875,log2,4096,gini,11,8192
0.696767716001,0.244124519215,log2,8192,gini,11,8192
0.9766751902,0.0018040133718,None,2,gini,12,2
0.972175814791,0.00188476371528,None,64,gini,12,2
0.941815440915,0.0029394886891,None,512,gini,12,2
0.936927897426,0.00353266833076,None,2048,gini,12,2
0.907243105401,0.00516591581541,None,4096,gini,12,2
0.853835814431,0.00553543817126,None,8192,gini,12,2
0.960317157605,0.00342967669161,None,2,gini,12,64
0.960317157605,0.00342967669161,None,64,gini,12,64
0.940419678232,0.00306224107452,None,512,gini,12,64
0.936196721059,0.00361224853768,None,2048,gini,12,64
0.906659933525,0.00509330173022,None,4096,gini,12,64
0.853351061108,0.00563098478849,None,8192,gini,12,64
0.926444919241,0.0047941325319,None,2,gini,12,512
0.926444919241,0.0047941325319,None,64,gini,12,512
0.926444919241,0.0047941325319,None,512,gini,12,512
0.927566154582,0.00399693474131,None,2048,gini,12,512
0.907172682548,0.00573305446682,None,4096,gini,12,512
0.853746485129,0.00611470846392,None,8192,gini,12,512
0.902316469998,0.00481122329563,None,2,gini,12,2048
0.902316469998,0.00481122329563,None,64,gini,12,2048
0.902316469998,0.00481122329563,None,512,gini,12,2048
0.902316469998,0.00481122329563,None,2048,gini,12,2048
0.902316469998,0.00481122329563,None,4096,gini,12,2048
0.853746485129,0.00611470846392,None,8192,gini,12,2048
0.853571913946,0.0064245355954,None,2,gini,12,4096
0.853571913946,0.0064245355954,None,64,gini,12,4096
0.853571913946,0.0064245355954,None,512,gini,12,4096
0.853571913946,0.0064245355954,None,2048,gini,12,4096
0.853571913946,0.0064245355954,None,4096,gini,12,4096
0.853571913946,0.0064245355954,None,8192,gini,12,4096
0.85414351147,0.00522643614048,None,2,gini,12,8192
0.85414351147,0.00522643614048,None,64,gini,12,8192
0.85414351147,0.00522643614048,None,512,gini,12,8192
0.85414351147,0.00522643614048,None,2048,gini,12,8192
0.85414351147,0.00522643614048,None,4096,gini,12,8192
0.85414351147,0.00522643614048,None,8192,gini,12,8192
0.942391219783,0.0120630622148,sqrt,2,gini,12,2
0.930410542044,0.0077243295216,sqrt,64,gini,12,2
0.911788461165,0.0104994671818,sqrt,512,gini,12,2
0.865537370063,0.0193872991338,sqrt,2048,gini,12,2
0.855194152742,0.0174791017115,sqrt,4096,gini,12,2
0.829297579477,0.0321962240744,sqrt,8192,gini,12,2
0.911659975642,0.0120609419647,sqrt,2,gini,12,64
0.917621776915,0.0152289731732,sqrt,64,gini,12,64
0.904204905194,0.0129663525109,sqrt,512,gini,12,64
0.869514871322,0.0204929101237,sqrt,2048,gini,12,64
0.860851432678,0.0292213816577,sqrt,4096,gini,12,64
0.843365608419,0.0201688256002,sqrt,8192,gini,12,64
0.870423025735,0.0139046862698,sqrt,2,gini,12,512
0.872974819842,0.0190016064408,sqrt,64,gini,12,512
0.86803950667,0.0170297112169,sqrt,512,gini,12,512
0.877453824862,0.0144775015192,sqrt,2048,gini,12,512
0.859257258934,0.0244946110368,sqrt,4096,gini,12,512
0.825669041919,0.038499720803,sqrt,8192,gini,12,512
0.743817254144,0.249029293887,sqrt,2,gini,12,2048
0.825539376209,0.0288157894405,sqrt,64,gini,12,2048
0.83680578435,0.0266741844976,sqrt,512,gini,12,2048
0.753086931103,0.252878827247,sqrt,2048,gini,12,2048
0.732570433087,0.246715704352,sqrt,4096,gini,12,2048
0.817295948374,0.0292739674884,sqrt,8192,gini,12,2048
0.798449623197,0.0384822781898,sqrt,2,gini,12,4096
0.712551025901,0.244186375068,sqrt,64,gini,12,4096
0.798208738844,0.0425613355826,sqrt,512,gini,12,4096
0.717559992672,0.246159278832,sqrt,2048,gini,12,4096
0.804803279514,0.0631106271911,sqrt,4096,gini,12,4096
0.742888032273,0.248740572157,sqrt,8192,gini,12,4096
0.808578954859,0.0524161303707,sqrt,2,gini,12,8192
0.79423360703,0.0654766197367,sqrt,64,gini,12,8192
0.734047170098,0.250737829693,sqrt,512,gini,12,8192
0.703399820588,0.240518005443,sqrt,2048,gini,12,8192
0.71246384532,0.243416191289,sqrt,4096,gini,12,8192
0.742670213525,0.0735089846291,sqrt,8192,gini,12,8192
0.906090688913,0.0198962835659,log2,2,gini,12,2
0.910657598859,0.0132566315031,log2,64,gini,12,2
0.891216519194,0.0104098947,log2,512,gini,12,2
0.858182585889,0.0194054258648,log2,2048,gini,12,2
0.830304970997,0.0174784539238,log2,4096,gini,12,2
0.821217831884,0.0252823224174,log2,8192,gini,12,2
0.87179431776,0.0240611960032,log2,2,gini,12,64
0.875062038546,0.0233736706085,log2,64,gini,12,64
0.843522902852,0.0445160654186,log2,512,gini,12,64
0.857298304237,0.0338188789812,log2,2048,gini,12,64
0.815437410514,0.032565790805,log2,4096,gini,12,64
0.821884042,0.0488601257386,log2,8192,gini,12,64
0.774470397145,0.177263525081,log2,2,gini,12,512
0.777258374411,0.182218095776,log2,64,gini,12,512
0.829409050747,0.0290873710994,log2,512,gini,12,512
0.81791273483,0.0911400635517,log2,2048,gini,12,512
0.809848197595,0.084922953076,log2,4096,gini,12,512
0.781936204193,0.102158248216,log2,8192,gini,12,512
0.766827463333,0.0844019943316,log2,2,gini,12,2048
0.687747656499,0.255597139171,log2,64,gini,12,2048
0.775269921137,0.0928292998407,log2,512,gini,12,2048
0.644492288849,0.326958749665,log2,2048,gini,12,2048
0.773090267937,0.0660677060672,log2,4096,gini,12,2048
0.607959859598,0.31325207904,log2,8192,gini,12,2048
0.74802308648,0.0992134399306,log2,2,gini,12,4096
0.453958396435,0.372401725978,log2,64,gini,12,4096
0.736714104818,0.130489398838,log2,512,gini,12,4096
0.445620381109,0.368698376286,log2,2048,gini,12,4096
0.720474516245,0.24575041927,log2,4096,gini,12,4096
0.509797975698,0.355006218631,log2,8192,gini,12,4096
0.546936223302,0.28566835346,log2,2,gini,12,8192
0.666635689768,0.24206520321,log2,64,gini,12,8192
0.597296543674,0.311601256248,log2,512,gini,12,8192
0.597724695142,0.313373785756,log2,2048,gini,12,8192
0.518109404115,0.352635959596,log2,4096,gini,12,8192
0.730686867504,0.107531862494,log2,8192,gini,12,8192
0.978021103547,0.00196250385372,None,2,gini,13,2
0.972501784498,0.00145618966987,None,64,gini,13,2
0.941815440915,0.0029394886891,None,512,gini,13,2
0.936918599658,0.00352906319875,None,2048,gini,13,2
0.907232438855,0.00518132470164,None,4096,gini,13,2
0.853835814431,0.00553543817126,None,8192,gini,13,2
0.960806136479,0.00339587151893,None,2,gini,13,64
0.960806136479,0.00339587151893,None,64,gini,13,64
0.940419678232,0.00306224107452,None,512,gini,13,64
0.936196721059,0.00361224853768,None,2048,gini,13,64
0.906659933525,0.00509330173022,None,4096,gini,13,64
0.853351061108,0.00563098478849,None,8192,gini,13,64
0.926444919241,0.0047941325319,None,2,gini,13,512
0.926444919241,0.0047941325319,None,64,gini,13,512
0.926444919241,0.0047941325319,None,512,gini,13,512
0.927566154582,0.00399693474131,None,2048,gini,13,512
0.907172682548,0.00573305446682,None,4096,gini,13,512
0.853746485129,0.00611470846392,None,8192,gini,13,512
0.902316469998,0.00481122329563,None,2,gini,13,2048
0.902316469998,0.00481122329563,None,64,gini,13,2048
0.902316469998,0.00481122329563,None,512,gini,13,2048
0.902316469998,0.00481122329563,None,2048,gini,13,2048
0.902316469998,0.00481122329563,None,4096,gini,13,2048
0.853746485129,0.00611470846392,None,8192,gini,13,2048
0.853571913946,0.0064245355954,None,2,gini,13,4096
0.853571913946,0.0064245355954,None,64,gini,13,4096
0.853571913946,0.0064245355954,None,512,gini,13,4096
0.853571913946,0.0064245355954,None,2048,gini,13,4096
0.853571913946,0.0064245355954,None,4096,gini,13,4096
0.853571913946,0.0064245355954,None,8192,gini,13,4096
0.85414351147,0.00522643614048,None,2,gini,13,8192
0.85414351147,0.00522643614048,None,64,gini,13,8192
0.85414351147,0.00522643614048,None,512,gini,13,8192
0.85414351147,0.00522643614048,None,2048,gini,13,8192
0.85414351147,0.00522643614048,None,4096,gini,13,8192
0.85414351147,0.00522643614048,None,8192,gini,13,8192
0.947154173361,0.00580048818723,sqrt,2,gini,13,2
0.936733715131,0.00839722054272,sqrt,64,gini,13,2
0.908712471703,0.0150810050337,sqrt,512,gini,13,2
0.873751850113,0.0161005859586,sqrt,2048,gini,13,2
0.844203936981,0.0255446439638,sqrt,4096,gini,13,2
0.846991064883,0.0254840755808,sqrt,8192,gini,13,2
0.911109177026,0.0174015571467,sqrt,2,gini,13,64
0.917489469488,0.0087065163992,sqrt,64,gini,13,64
0.908203722838,0.00795636417616,sqrt,512,gini,13,64
0.873050994222,0.011881369889,sqrt,2048,gini,13,64
0.849098156726,0.0171517467309,sqrt,4096,gini,13,64
0.861890633559,0.0214896126734,sqrt,8192,gini,13,64
0.875725310719,0.0168443772415,sqrt,2,gini,13,512
0.871353120461,0.0154781340534,sqrt,64,gini,13,512
0.868758610872,0.015263692977,sqrt,512,gini,13,512
0.872458185875,0.014510990984,sqrt,2048,gini,13,512
0.862811233146,0.0225188743621,sqrt,4096,gini,13,512
0.844873470447,0.0220216134158,sqrt,8192,gini,13,512
0.829954014432,0.0255814791939,sqrt,2,gini,13,2048
0.829188551278,0.0261552491145,sqrt,64,gini,13,2048
0.845711508373,0.0168016177284,sqrt,512,gini,13,2048
0.829029230941,0.0236997825861,sqrt,2048,gini,13,2048
0.830341788404,0.0622501759383,sqrt,4096,gini,13,2048
0.796387314008,0.043249460568,sqrt,8192,gini,13,2048
0.748059453257,0.109908593905,sqrt,2,gini,13,4096
0.785366364012,0.0985867914507,sqrt,64,gini,13,4096
0.794476305933,0.0674821855692,sqrt,512,gini,13,4096
0.726476160656,0.248279775632,sqrt,2048,gini,13,4096
0.84200355794,0.035704272541,sqrt,4096,gini,13,4096
0.826524810216,0.0260004297758,sqrt,8192,gini,13,4096
0.666761534938,0.246570354208,sqrt,2,gini,13,8192
0.623636317198,0.318817517561,sqrt,64,gini,13,8192
0.683019145629,0.239552796655,sqrt,512,gini,13,8192
0.63730066109,0.324738508027,sqrt,2048,gini,13,8192
0.692027585932,0.241034539642,sqrt,4096,gini,13,8192
0.819672753768,0.0356040245501,sqrt,8192,gini,13,8192
0.922312303994,0.0116032146912,log2,2,gini,13,2
0.903244089175,0.0248524106164,log2,64,gini,13,2
0.883465856578,0.0141380246801,log2,512,gini,13,2
0.868574024429,0.0156719570487,log2,2048,gini,13,2
0.85098642636,0.0220364729433,log2,4096,gini,13,2
0.829305206289,0.00980108606096,log2,8192,gini,13,2
0.861539213224,0.0397093816534,log2,2,gini,13,64
0.806077464642,0.188949319287,log2,64,gini,13,64
0.878639758769,0.0266041397558,log2,512,gini,13,64
0.848339003471,0.0383657420105,log2,2048,gini,13,64
0.811521736406,0.046762770665,log2,4096,gini,13,64
0.79897024239,0.0592213333889,log2,8192,gini,13,64
0.837406951891,0.0283833359339,log2,2,gini,13,512
0.825844699069,0.0700411977793,log2,64,gini,13,512
0.627679063578,0.329483836972,log2,512,gini,13,512
0.844020248151,0.0263355575496,log2,2048,gini,13,512
0.814962885898,0.0468596864268,log2,4096,gini,13,512
0.717511628029,0.109771451627,log2,8192,gini,13,512
0.797999698306,0.082397612801,log2,2,gini,13,2048
0.671201645004,0.239160577151,log2,64,gini,13,2048
0.596616792651,0.304441512576,log2,512,gini,13,2048
0.574423628236,0.295979420854,log2,2048,gini,13,2048
0.798065076117,0.0710682258502,log2,4096,gini,13,2048
0.608455877382,0.308489272144,log2,8192,gini,13,2048
0.712971825188,0.0969232430985,log2,2,gini,13,4096
0.793507922563,0.0389257397577,log2,64,gini,13,4096
0.759853609759,0.0903270597502,log2,512,gini,13,4096
0.754556538907,0.255657602267,log2,2048,gini,13,4096
0.765047620083,0.0682737921633,log2,4096,gini,13,4096
0.810907769267,0.0553563044254,log2,8192,gini,13,4096
0.614419386033,0.32519067487,log2,2,gini,13,8192
0.546773586064,0.360702732636,log2,64,gini,13,8192
0.732590462342,0.0936766647188,log2,512,gini,13,8192
0.605058505368,0.21321290908,log2,2048,gini,13,8192
0.593597510443,0.309384091137,log2,4096,gini,13,8192
0.678288732497,0.235884061679,log2,8192,gini,13,8192
0.978079220544,0.00176722928881,None,2,gini,14,2
0.972251540474,0.00149587804091,None,64,gini,14,2
0.941833979261,0.00298239706911,None,512,gini,14,2
0.936927897426,0.00353266833076,None,2048,gini,14,2
0.907243105401,0.00516591581541,None,4096,gini,14,2
0.853835814431,0.00553543817126,None,8192,gini,14,2
0.960726862038,0.00338021872164,None,2,gini,14,64
0.960735452988,0.00337139372618,None,64,gini,14,64
0.940419678232,0.00306224107452,None,512,gini,14,64
0.936196721059,0.00361224853768,None,2048,gini,14,64
0.906659933525,0.00509330173022,None,4096,gini,14,64
0.853351061108,0.00563098478849,None,8192,gini,14,64
0.926444919241,0.0047941325319,None,2,gini,14,512
0.926444919241,0.0047941325319,None,64,gini,14,512
0.926444919241,0.0047941325319,None,512,gini,14,512
0.927566154582,0.00399693474131,None,2048,gini,14,512
0.907172682548,0.00573305446682,None,4096,gini,14,512
0.853746485129,0.00611470846392,None,8192,gini,14,512
0.902316469998,0.00481122329563,None,2,gini,14,2048
0.902316469998,0.00481122329563,None,64,gini,14,2048
0.902316469998,0.00481122329563,None,512,gini,14,2048
0.902316469998,0.00481122329563,None,2048,gini,14,2048
0.902316469998,0.00481122329563,None,4096,gini,14,2048
0.853746485129,0.00611470846392,None,8192,gini,14,2048
0.853571913946,0.0064245355954,None,2,gini,14,4096
0.853571913946,0.0064245355954,None,64,gini,14,4096
0.853571913946,0.0064245355954,None,512,gini,14,4096
0.853571913946,0.0064245355954,None,2048,gini,14,4096
0.853571913946,0.0064245355954,None,4096,gini,14,4096
0.853571913946,0.0064245355954,None,8192,gini,14,4096
0.85414351147,0.00522643614048,None,2,gini,14,8192
0.85414351147,0.00522643614048,None,64,gini,14,8192
0.85414351147,0.00522643614048,None,512,gini,14,8192
0.85414351147,0.00522643614048,None,2048,gini,14,8192
0.85414351147,0.00522643614048,None,4096,gini,14,8192
0.85414351147,0.00522643614048,None,8192,gini,14,8192
0.952465392369,0.00805687148808,sqrt,2,gini,14,2
0.945543457278,0.00377936830178,sqrt,64,gini,14,2
0.914238146727,0.00732009398329,sqrt,512,gini,14,2
0.876192261803,0.0159866663274,sqrt,2048,gini,14,2
0.86076914133,0.0279193659899,sqrt,4096,gini,14,2
0.844952101057,0.0229807306515,sqrt,8192,gini,14,2
0.913418079822,0.0143581522582,sqrt,2,gini,14,64
0.916044669509,0.0151867688862,sqrt,64,gini,14,64
0.903385111127,0.00986362009295,sqrt,512,gini,14,64
0.87580228784,0.0192659286932,sqrt,2048,gini,14,64
0.842671672395,0.0272613421251,sqrt,4096,gini,14,64
0.844651234837,0.0283392610482,sqrt,8192,gini,14,64
0.869808898741,0.0201344405601,sqrt,2,gini,14,512
0.861745466492,0.0360945407656,sqrt,64,gini,14,512
0.864605279218,0.0214585872783,sqrt,512,gini,14,512
0.854648097754,0.0118309150272,sqrt,2048,gini,14,512
0.866697564883,0.0169859297668,sqrt,4096,gini,14,512
0.798478277553,0.0435023464497,sqrt,8192,gini,14,512
0.819966737904,0.0242620064235,sqrt,2,gini,14,2048
0.827192425222,0.0125951277269,sqrt,64,gini,14,2048
0.831133993946,0.0271187281687,sqrt,512,gini,14,2048
0.830894614363,0.0265543616264,sqrt,2048,gini,14,2048
0.842115638875,0.0373615736619,sqrt,4096,gini,14,2048
0.814434763711,0.0469201681801,sqrt,8192,gini,14,2048
0.789153706992,0.0354223686343,sqrt,2,gini,14,4096
0.745398641497,0.249965227851,sqrt,64,gini,14,4096
0.830955066611,0.0423590894805,sqrt,512,gini,14,4096
0.819777875464,0.0317770741182,sqrt,2048,gini,14,4096
0.816598169603,0.0269203267864,sqrt,4096,gini,14,4096
0.655176460631,0.32945019424,sqrt,8192,gini,14,4096
0.731599550746,0.094061044017,sqrt,2,gini,14,8192
0.809346672421,0.0581930858538,sqrt,64,gini,14,8192
0.773306613784,0.0648722553863,sqrt,512,gini,14,8192
0.755593031994,0.0987500170016,sqrt,2048,gini,14,8192
0.765667987298,0.0631259944971,sqrt,4096,gini,14,8192
0.797319610386,0.0530918477897,sqrt,8192,gini,14,8192
0.92403576093,0.00840851845686,log2,2,gini,14,2
0.919645860876,0.010192465903,log2,64,gini,14,2
0.886950409981,0.0107908707961,log2,512,gini,14,2
0.861919678641,0.0228624553667,log2,2048,gini,14,2
0.848853699503,0.0248369134575,log2,4096,gini,14,2
0.83888118193,0.0360609207197,log2,8192,gini,14,2
0.830245667168,0.0765217225083,log2,2,gini,14,64
0.68810387738,0.346599099194,log2,64,gini,14,64
0.840280964577,0.0306156066954,log2,512,gini,14,64
0.822539044452,0.0524300266917,log2,2048,gini,14,64
0.79251721973,0.0724493312107,log2,4096,gini,14,64
0.799984862571,0.0572589330385,log2,8192,gini,14,64
0.802866956402,0.0719247432072,log2,2,gini,14,512
0.764203272107,0.107845169405,log2,64,gini,14,512
0.794153821904,0.0804459923745,log2,512,gini,14,512
0.805818883923,0.0725063275946,log2,2048,gini,14,512
0.772316176338,0.0802400338789,log2,4096,gini,14,512
0.780728899749,0.0719027527274,log2,8192,gini,14,512
0.791916359222,0.0645483466636,log2,2,gini,14,2048
0.812462184518,0.0557215457503,log2,64,gini,14,2048
0.695936991127,0.241748287178,log2,512,gini,14,2048
0.776574685779,0.0899055884036,log2,2048,gini,14,2048
0.693241890737,0.234550319975,log2,4096,gini,14,2048
0.690950724824,0.24166412218,log2,8192,gini,14,2048
0.670861070697,0.246423659029,log2,2,gini,14,4096
0.672632737593,0.241230895546,log2,64,gini,14,4096
0.685235372177,0.237300779463,log2,512,gini,14,4096
0.580911176139,0.299371859307,log2,2048,gini,14,4096
0.739231758721,0.0981771532604,log2,4096,gini,14,4096
0.793256427561,0.0754306803724,log2,8192,gini,14,4096
0.618063098995,0.226656925677,log2,2,gini,14,8192
0.461530919743,0.381120537102,log2,64,gini,14,8192
0.612860326333,0.221664286369,log2,512,gini,14,8192
0.777370221461,0.0852304899145,log2,2048,gini,14,8192
0.553453139067,0.295104915428,log2,4096,gini,14,8192
0.745794353671,0.109794328364,log2,8192,gini,14,8192
0.959380597067,0.0060367619401,None,2,entropy,9,2
0.958521649989,0.00580866902805,None,64,entropy,9,2
0.938962706546,0.00544446829182,None,512,entropy,9,2
0.931903367469,0.00502654879211,None,2048,entropy,9,2
0.897277083119,0.0064999583621,None,4096,entropy,9,2
0.853700738431,0.00610138631467,None,8192,entropy,9,2
0.952441428892,0.00556051093008,None,2,entropy,9,64
0.952441428892,0.00556051093008,None,64,entropy,9,64
0.938394296369,0.00543338863492,None,512,entropy,9,64
0.931948686997,0.00499369023149,None,2048,entropy,9,64
0.897329578276,0.00652242894235,None,4096,entropy,9,64
0.853746485129,0.00611470846392,None,8192,entropy,9,64
0.916368578093,0.00391625544468,None,2,entropy,9,512
0.916368578093,0.00391625544468,None,64,entropy,9,512
0.916368578093,0.00391625544468,None,512,entropy,9,512
0.922892038298,0.00454925787397,None,2048,entropy,9,512
0.897329578276,0.00652242894235,None,4096,entropy,9,512
0.853746485129,0.00611470846392,None,8192,entropy,9,512
0.892171532788,0.0105936873828,None,2,entropy,9,2048
0.892171532788,0.0105936873828,None,64,entropy,9,2048
0.892171532788,0.0105936873828,None,512,entropy,9,2048
0.892171532788,0.0105936873828,None,2048,entropy,9,2048
0.892171532788,0.0105936873828,None,4096,entropy,9,2048
0.853746485129,0.00611470846392,None,8192,entropy,9,2048
0.853571913946,0.0064245355954,None,2,entropy,9,4096
0.853571913946,0.0064245355954,None,64,entropy,9,4096
0.853571913946,0.0064245355954,None,512,entropy,9,4096
0.853571913946,0.0064245355954,None,2048,entropy,9,4096
0.853571913946,0.0064245355954,None,4096,entropy,9,4096
0.853571913946,0.0064245355954,None,8192,entropy,9,4096
0.85414351147,0.00522643614048,None,2,entropy,9,8192
0.85414351147,0.00522643614048,None,64,entropy,9,8192
0.85414351147,0.00522643614048,None,512,entropy,9,8192
0.85414351147,0.00522643614048,None,2048,entropy,9,8192
0.85414351147,0.00522643614048,None,4096,entropy,9,8192
0.85414351147,0.00522643614048,None,8192,entropy,9,8192
0.918432495154,0.0169161792067,sqrt,2,entropy,9,2
0.915285817059,0.0109540940095,sqrt,64,entropy,9,2
0.900560703041,0.015564706267,sqrt,512,entropy,9,2
0.871522339609,0.0201775799877,sqrt,2048,entropy,9,2
0.858505256626,0.0149331184489,sqrt,4096,entropy,9,2
0.824063613533,0.0208764927942,sqrt,8192,entropy,9,2
0.903769658388,0.00844153478335,sqrt,2,entropy,9,64
0.902513676799,0.0145665034093,sqrt,64,entropy,9,64
0.900848176501,0.0082875014103,sqrt,512,entropy,9,64
0.876274096201,0.0136332133928,sqrt,2048,entropy,9,64
0.86270321563,0.0265994931432,sqrt,4096,entropy,9,64
0.825373364209,0.0179322598075,sqrt,8192,entropy,9,64
0.878730283015,0.013217507079,sqrt,2,entropy,9,512
0.879429286886,0.0251264126713,sqrt,64,entropy,9,512
0.870767598231,0.0198569211198,sqrt,512,entropy,9,512
0.876192860369,0.0173281051971,sqrt,2048,entropy,9,512
0.851819350971,0.0248379596394,sqrt,4096,entropy,9,512
0.846307128165,0.0163447441771,sqrt,8192,entropy,9,512
0.837358975907,0.0378375523711,sqrt,2,entropy,9,2048
0.836735776736,0.0224808488595,sqrt,64,entropy,9,2048
0.840951119115,0.0345786806469,sqrt,512,entropy,9,2048
0.832769016886,0.0223514794376,sqrt,2048,entropy,9,2048
0.819328244601,0.0184680149916,sqrt,4096,entropy,9,2048
0.816441767065,0.0588112958091,sqrt,8192,entropy,9,2048
0.830615094294,0.0272845291938,sqrt,2,entropy,9,4096
0.843370122251,0.0272983669483,sqrt,64,entropy,9,4096
0.822903933654,0.0468637236373,sqrt,512,entropy,9,4096
0.741502481262,0.25276768134,sqrt,2048,entropy,9,4096
0.782091041104,0.0667251311532,sqrt,4096,entropy,9,4096
0.826308953965,0.0233553653478,sqrt,8192,entropy,9,4096
0.793205805684,0.0777603624252,sqrt,2,entropy,9,8192
0.710700583567,0.250980504095,sqrt,64,entropy,9,8192
0.634577107838,0.324110859507,sqrt,512,entropy,9,8192
0.665766298031,0.23108419044,sqrt,2048,entropy,9,8192
0.806380271751,0.0567387732975,sqrt,4096,entropy,9,8192
0.787081359476,0.0855921024868,sqrt,8192,entropy,9,8192
0.893683207978,0.0183671563061,log2,2,entropy,9,2
0.887184843598,0.00933714588746,log2,64,entropy,9,2
0.889876555038,0.0128154596477,log2,512,entropy,9,2
0.857904336483,0.0143385594626,log2,2048,entropy,9,2
0.855822823363,0.0274232343279,log2,4096,entropy,9,2
0.794161134626,0.0425453024588,log2,8192,entropy,9,2
0.777126368386,0.260276418535,log2,2,entropy,9,64
0.867467873183,0.0278209783372,log2,64,entropy,9,64
0.869033102407,0.0228028591479,log2,512,entropy,9,64
0.862661100341,0.0192639810619,log2,2048,entropy,9,64
0.825897348031,0.0317948236763,log2,4096,entropy,9,64
0.732685257221,0.248981758377,log2,8192,entropy,9,64
0.798305084124,0.0862841757226,log2,2,entropy,9,512
0.713710260907,0.243146649705,log2,64,entropy,9,512
0.803353823938,0.0884117423479,log2,512,entropy,9,512
0.836174347135,0.0374550093107,log2,2048,entropy,9,512
0.692095595211,0.247853848612,log2,4096,entropy,9,512
0.818107386735,0.0498422634503,log2,8192,entropy,9,512
0.699822168796,0.240425099357,log2,2,entropy,9,2048
0.690014164989,0.246114983323,log2,64,entropy,9,2048
0.761846178636,0.0716392811486,log2,512,entropy,9,2048
0.693074199079,0.252397149037,log2,2048,entropy,9,2048
0.610540240845,0.317769589811,log2,4096,entropy,9,2048
0.823590904039,0.0334733679981,log2,8192,entropy,9,2048
0.62387880732,0.318145636051,log2,2,entropy,9,4096
0.655944108061,0.233450918045,log2,64,entropy,9,4096
0.715555246461,0.248518482226,log2,512,entropy,9,4096
0.617800055345,0.313882722765,log2,2048,entropy,9,4096
0.711919930092,0.251758322951,log2,4096,entropy,9,4096
0.628559964195,0.321285370147,log2,8192,entropy,9,4096
0.492754346158,0.331067461469,log2,2,entropy,9,8192
0.526037254153,0.355860678117,log2,64,entropy,9,8192
0.499467786085,0.337424764015,log2,512,entropy,9,8192
0.557298332061,0.295250247482,log2,2048,entropy,9,8192
0.502106755078,0.349527136227,log2,4096,entropy,9,8192
0.7103519995,0.0829428238426,log2,8192,entropy,9,8192
0.968435189396,0.00426521189223,None,2,entropy,10,2
0.966581137563,0.0045007158172,None,64,entropy,10,2
0.94393976376,0.00505245899986,None,512,entropy,10,2
0.931903367469,0.00502654879211,None,2048,entropy,10,2
0.897277083119,0.0064999583621,None,4096,entropy,10,2
0.853700738431,0.00610138631467,None,8192,entropy,10,2
0.957872131216,0.0057576724359,None,2,entropy,10,64
0.957922241272,0.00583028971257,None,64,entropy,10,64
0.942787923255,0.00509624598854,None,512,entropy,10,64
0.931948686997,0.00499369023149,None,2048,entropy,10,64
0.897329578276,0.00652242894235,None,4096,entropy,10,64
0.853746485129,0.00611470846392,None,8192,entropy,10,64
0.916368578093,0.00391625544468,None,2,entropy,10,512
0.916368578093,0.00391625544468,None,64,entropy,10,512
0.916368578093,0.00391625544468,None,512,entropy,10,512
0.922892038298,0.00454925787397,None,2048,entropy,10,512
0.897329578276,0.00652242894235,None,4096,entropy,10,512
0.853746485129,0.00611470846392,None,8192,entropy,10,512
0.892171532788,0.0105936873828,None,2,entropy,10,2048
0.892171532788,0.0105936873828,None,64,entropy,10,2048
0.892171532788,0.0105936873828,None,512,entropy,10,2048
0.892171532788,0.0105936873828,None,2048,entropy,10,2048
0.892171532788,0.0105936873828,None,4096,entropy,10,2048
0.853746485129,0.00611470846392,None,8192,entropy,10,2048
0.853571913946,0.0064245355954,None,2,entropy,10,4096
0.853571913946,0.0064245355954,None,64,entropy,10,4096
0.853571913946,0.0064245355954,None,512,entropy,10,4096
0.853571913946,0.0064245355954,None,2048,entropy,10,4096
0.853571913946,0.0064245355954,None,4096,entropy,10,4096
0.853571913946,0.0064245355954,None,8192,entropy,10,4096
0.85414351147,0.00522643614048,None,2,entropy,10,8192
0.85414351147,0.00522643614048,None,64,entropy,10,8192
0.85414351147,0.00522643614048,None,512,entropy,10,8192
0.85414351147,0.00522643614048,None,2048,entropy,10,8192
0.85414351147,0.00522643614048,None,4096,entropy,10,8192
0.85414351147,0.00522643614048,None,8192,entropy,10,8192
0.92364025205,0.0109274762354,sqrt,2,entropy,10,2
0.923279185253,0.00848830060882,sqrt,64,entropy,10,2
0.908406139483,0.00907349988297,sqrt,512,entropy,10,2
0.878116877814,0.0180462267365,sqrt,2048,entropy,10,2
0.852283997269,0.0229233508254,sqrt,4096,entropy,10,2
0.838632724057,0.0339575399624,sqrt,8192,entropy,10,2
0.918299449591,0.00897145605881,sqrt,2,entropy,10,64
0.916758669964,0.0162656872919,sqrt,64,entropy,10,64
0.900838355827,0.0144987965057,sqrt,512,entropy,10,64
0.885017554582,0.0105837414678,sqrt,2048,entropy,10,64
0.854391085484,0.0305232673467,sqrt,4096,entropy,10,64
0.85632775632,0.0106352214611,sqrt,8192,entropy,10,64
0.882098749044,0.019160150181,sqrt,2,entropy,10,512
0.871473742011,0.0221483490812,sqrt,64,entropy,10,512
0.8620110078,0.0288575151184,sqrt,512,entropy,10,512
0.857221186048,0.0191928711447,sqrt,2048,entropy,10,512
0.85377856237,0.0187798709312,sqrt,4096,entropy,10,512
0.846420592309,0.0300870939306,sqrt,8192,entropy,10,512
0.839264511636,0.0334602310327,sqrt,2,entropy,10,2048
0.853073190533,0.0221746502892,sqrt,64,entropy,10,2048
0.83756678532,0.0202053104621,sqrt,512,entropy,10,2048
0.843808958402,0.0262804789286,sqrt,2048,entropy,10,2048
0.848990652377,0.0279737342437,sqrt,4096,entropy,10,2048
0.827362549493,0.0212199992645,sqrt,8192,entropy,10,2048
0.84341064295,0.0387139613769,sqrt,2,entropy,10,4096
0.799790047807,0.0406090711803,sqrt,64,entropy,10,4096
0.766247612496,0.118041380698,sqrt,512,entropy,10,4096
0.808126638883,0.0621805401535,sqrt,2048,entropy,10,4096
0.820062913325,0.0411747574566,sqrt,4096,entropy,10,4096
0.842236030376,0.0329640710318,sqrt,8192,entropy,10,4096
0.766533871252,0.0991021108663,sqrt,2,entropy,10,8192
0.736733025279,0.113396579722,sqrt,64,entropy,10,8192
0.61618816879,0.224050255097,sqrt,512,entropy,10,8192
0.780557153108,0.0792800107837,sqrt,2048,entropy,10,8192
0.758546882093,0.0962622691312,sqrt,4096,entropy,10,8192
0.771998884902,0.0624974935523,sqrt,8192,entropy,10,8192
0.891904577787,0.0186471798686,log2,2,entropy,10,2
0.893868776455,0.00951978738491,log2,64,entropy,10,2
0.880108714446,0.0198387596495,log2,512,entropy,10,2
0.849054303394,0.0419787740613,log2,2048,entropy,10,2
0.846724393571,0.035576722231,log2,4096,entropy,10,2
0.797018470711,0.0513373548923,log2,8192,entropy,10,2
0.882713646486,0.0285428768739,log2,2,entropy,10,64
0.86980693515,0.0256948139784,log2,64,entropy,10,64
0.861863513872,0.0287369059692,log2,512,entropy,10,64
0.857701019562,0.0305916994863,log2,2048,entropy,10,64
0.838038403415,0.0290312506606,log2,4096,entropy,10,64
0.802917652488,0.0619649364791,log2,8192,entropy,10,64
0.717572990492,0.184950363601,log2,2,entropy,10,512
0.813906300307,0.0447344927148,log2,64,entropy,10,512
0.82760806282,0.0547240794308,log2,512,entropy,10,512
0.850231653478,0.0282959114761,log2,2048,entropy,10,512
0.795091717989,0.0638007616255,log2,4096,entropy,10,512
0.640893908422,0.274397600183,log2,8192,entropy,10,512
0.779412338763,0.0560630645968,log2,2,entropy,10,2048
0.788476532598,0.0750284727869,log2,64,entropy,10,2048
0.771520298271,0.0473292513277,log2,512,entropy,10,2048
0.730962244134,0.24685086426,log2,2048,entropy,10,2048
0.69691304324,0.234573689428,log2,4096,entropy,10,2048
0.704422384408,0.244031080609,log2,8192,entropy,10,2048
0.741357054984,0.0671738153713,log2,2,entropy,10,4096
0.777652751215,0.0578358879259,log2,64,entropy,10,4096
0.622645032127,0.31845692816,log2,512,entropy,10,4096
0.703798888361,0.238646063315,log2,2048,entropy,10,4096
0.758992288388,0.11166253713,log2,4096,entropy,10,4096
0.764692853047,0.0532101910918,log2,8192,entropy,10,4096
0.705142557723,0.106616945771,log2,2,entropy,10,8192
0.646970711215,0.230792950012,log2,64,entropy,10,8192
0.642328782495,0.230806224733,log2,512,entropy,10,8192
0.55488131323,0.301990355782,log2,2048,entropy,10,8192
0.614683493189,0.311394987729,log2,4096,entropy,10,8192
0.645362508542,0.229358157157,log2,8192,entropy,10,8192
0.973171227008,0.00413743905224,None,2,entropy,11,2
0.970450334747,0.00361199630521,None,64,entropy,11,2
0.945401020424,0.00432352533941,None,512,entropy,11,2
0.931903367469,0.00502654879211,None,2048,entropy,11,2
0.897277083119,0.0064999583621,None,4096,entropy,11,2
0.853700738431,0.00610138631467,None,8192,entropy,11,2
0.959966170849,0.0043895333117,None,2,entropy,11,64
0.959966170849,0.0043895333117,None,64,entropy,11,64
0.944200911456,0.00440629487026,None,512,entropy,11,64
0.931948686997,0.00499369023149,None,2048,entropy,11,64
0.897329578276,0.00652242894235,None,4096,entropy,11,64
0.853746485129,0.00611470846392,None,8192,entropy,11,64
0.916368578093,0.00391625544468,None,2,entropy,11,512
0.916368578093,0.00391625544468,None,64,entropy,11,512
0.916368578093,0.00391625544468,None,512,entropy,11,512
0.922892038298,0.00454925787397,None,2048,entropy,11,512
0.897329578276,0.00652242894235,None,4096,entropy,11,512
0.853746485129,0.00611470846392,None,8192,entropy,11,512
0.892171532788,0.0105936873828,None,2,entropy,11,2048
0.892171532788,0.0105936873828,None,64,entropy,11,2048
0.892171532788,0.0105936873828,None,512,entropy,11,2048
0.892171532788,0.0105936873828,None,2048,entropy,11,2048
0.892171532788,0.0105936873828,None,4096,entropy,11,2048
0.853746485129,0.00611470846392,None,8192,entropy,11,2048
0.853571913946,0.0064245355954,None,2,entropy,11,4096
0.853571913946,0.0064245355954,None,64,entropy,11,4096
0.853571913946,0.0064245355954,None,512,entropy,11,4096
0.853571913946,0.0064245355954,None,2048,entropy,11,4096
0.853571913946,0.0064245355954,None,4096,entropy,11,4096
0.853571913946,0.0064245355954,None,8192,entropy,11,4096
0.85414351147,0.00522643614048,None,2,entropy,11,8192
0.85414351147,0.00522643614048,None,64,entropy,11,8192
0.85414351147,0.00522643614048,None,512,entropy,11,8192
0.85414351147,0.00522643614048,None,2048,entropy,11,8192
0.85414351147,0.00522643614048,None,4096,entropy,11,8192
0.85414351147,0.00522643614048,None,8192,entropy,11,8192
0.928644440297,0.0142766723818,sqrt,2,entropy,11,2
0.930952159065,0.00341465102746,sqrt,64,entropy,11,2
0.909190851235,0.0105433118501,sqrt,512,entropy,11,2
0.868206027894,0.0224096028361,sqrt,2048,entropy,11,2
0.860908659573,0.0234148806257,sqrt,4096,entropy,11,2
0.815472578451,0.0336307112984,sqrt,8192,entropy,11,2
0.913160940761,0.00768447482182,sqrt,2,entropy,11,64
0.912461560714,0.0106571524851,sqrt,64,entropy,11,64
0.89879831963,0.0114628590358,sqrt,512,entropy,11,64
0.881666725299,0.0126281694633,sqrt,2048,entropy,11,64
0.855103713531,0.0129288092092,sqrt,4096,entropy,11,64
0.824106313854,0.0423420832462,sqrt,8192,entropy,11,64
0.874152893664,0.0122547616868,sqrt,2,entropy,11,512
0.858951161064,0.0204051341478,sqrt,64,entropy,11,512
0.876048580826,0.0101132081359,sqrt,512,entropy,11,512
0.869174826452,0.0191368386699,sqrt,2048,entropy,11,512
0.852714695913,0.0259477944743,sqrt,4096,entropy,11,512
0.83136868211,0.0244543625084,sqrt,8192,entropy,11,512
0.836977722098,0.0368028699186,sqrt,2,entropy,11,2048
0.846253543042,0.0231602293216,sqrt,64,entropy,11,2048
0.811421800199,0.061714173841,sqrt,512,entropy,11,2048
0.834063400838,0.0346897700421,sqrt,2048,entropy,11,2048
0.817385717379,0.0293556341266,sqrt,4096,entropy,11,2048
0.839383528674,0.0175015426578,sqrt,8192,entropy,11,2048
0.828888418922,0.0300278423102,sqrt,2,entropy,11,4096
0.775865324734,0.0732554012446,sqrt,64,entropy,11,4096
0.801274856384,0.0863422799096,sqrt,512,entropy,11,4096
0.799895548724,0.0613720884772,sqrt,2048,entropy,11,4096
0.712455049804,0.247714539939,sqrt,4096,entropy,11,4096
0.824414278814,0.0228206971885,sqrt,8192,entropy,11,4096
0.728369679522,0.0876881738824,sqrt,2,entropy,11,8192
0.731418556733,0.104297396111,sqrt,64,entropy,11,8192
0.746025834064,0.0701993235948,sqrt,512,entropy,11,8192
0.694277400343,0.254793557309,sqrt,2048,entropy,11,8192
0.812538207005,0.0456642965709,sqrt,4096,entropy,11,8192
0.709996805372,0.25477144921,sqrt,8192,entropy,11,8192
0.896595249485,0.0350754569807,log2,2,entropy,11,2
0.894776562699,0.0195656732589,log2,64,entropy,11,2
0.890107820002,0.0118147575655,log2,512,entropy,11,2
0.849067842394,0.0334755607576,log2,2048,entropy,11,2
0.846864678422,0.0168913807192,log2,4096,entropy,11,2
0.818429454781,0.0397004614078,log2,8192,entropy,11,2
0.860057068534,0.0357117592676,log2,2,entropy,11,64
0.867960487923,0.0522413254354,log2,64,entropy,11,64
0.857942168568,0.0508293875503,log2,512,entropy,11,64
0.857236318137,0.0272009765959,log2,2048,entropy,11,64
0.772757361607,0.204239323963,log2,4096,entropy,11,64
0.805078417642,0.0423175625575,log2,8192,entropy,11,64
0.819409151962,0.0483594336978,log2,2,entropy,11,512
0.653142240262,0.331850315772,log2,64,entropy,11,512
0.80602430338,0.0636277875151,log2,512,entropy,11,512
0.611733296122,0.370346939566,log2,2048,entropy,11,512
0.767841488424,0.093083324092,log2,4096,entropy,11,512
0.710742155925,0.211832035584,log2,8192,entropy,11,512
0.706905132915,0.256768922488,log2,2,entropy,11,2048
0.810005791099,0.0705455663666,log2,64,entropy,11,2048
0.693490611739,0.240795866474,log2,512,entropy,11,2048
0.552685188093,0.323210218342,log2,2048,entropy,11,2048
0.719094894817,0.174492612385,log2,4096,entropy,11,2048
0.766711707278,0.0579419628396,log2,8192,entropy,11,2048
0.771046595939,0.086876058202,log2,2,entropy,11,4096
0.624355081507,0.319769856341,log2,64,entropy,11,4096
0.511729677968,0.346995097872,log2,512,entropy,11,4096
0.733751830397,0.087828860212,log2,2048,entropy,11,4096
0.596889262604,0.305725072712,log2,4096,entropy,11,4096
0.604758653379,0.306920879762,log2,8192,entropy,11,4096
0.646448685179,0.234746791368,log2,2,entropy,11,8192
0.510016490035,0.348556205197,log2,64,entropy,11,8192
0.481268039955,0.332878008829,log2,512,entropy,11,8192
0.73438824691,0.097946701654,log2,2048,entropy,11,8192
0.688551770651,0.0870507419712,log2,4096,entropy,11,8192
0.590017626618,0.310954283275,log2,8192,entropy,11,8192
0.977298984155,0.00204073381515,None,2,entropy,12,2
0.974251497004,0.00340006806261,None,64,entropy,12,2
0.947907852097,0.0035984591514,None,512,entropy,12,2
0.931903367469,0.00502654879211,None,2048,entropy,12,2
0.897277083119,0.0064999583621,None,4096,entropy,12,2
0.853700738431,0.00610138631467,None,8192,entropy,12,2
0.963559264666,0.00356112225507,None,2,entropy,12,64
0.963509661457,0.00348654480571,None,64,entropy,12,64
0.946064944899,0.00379590771514,None,512,entropy,12,64
0.931948686997,0.00499369023149,None,2048,entropy,12,64
0.897329578276,0.00652242894235,None,4096,entropy,12,64
0.853746485129,0.00611470846392,None,8192,entropy,12,64
0.916368578093,0.00391625544468,None,2,entropy,12,512
0.916368578093,0.00391625544468,None,64,entropy,12,512
0.916368578093,0.00391625544468,None,512,entropy,12,512
0.922892038298,0.00454925787397,None,2048,entropy,12,512
0.897329578276,0.00652242894235,None,4096,entropy,12,512
0.853746485129,0.00611470846392,None,8192,entropy,12,512
0.892171532788,0.0105936873828,None,2,entropy,12,2048
0.892171532788,0.0105936873828,None,64,entropy,12,2048
0.892171532788,0.0105936873828,None,512,entropy,12,2048
0.892171532788,0.0105936873828,None,2048,entropy,12,2048
0.892171532788,0.0105936873828,None,4096,entropy,12,2048
0.853746485129,0.00611470846392,None,8192,entropy,12,2048
0.853571913946,0.0064245355954,None,2,entropy,12,4096
0.853571913946,0.0064245355954,None,64,entropy,12,4096
0.853571913946,0.0064245355954,None,512,entropy,12,4096
0.853571913946,0.0064245355954,None,2048,entropy,12,4096
0.853571913946,0.0064245355954,None,4096,entropy,12,4096
0.853571913946,0.0064245355954,None,8192,entropy,12,4096
0.85414351147,0.00522643614048,None,2,entropy,12,8192
0.85414351147,0.00522643614048,None,64,entropy,12,8192
0.85414351147,0.00522643614048,None,512,entropy,12,8192
0.85414351147,0.00522643614048,None,2048,entropy,12,8192
0.85414351147,0.00522643614048,None,4096,entropy,12,8192
0.85414351147,0.00522643614048,None,8192,entropy,12,8192
0.94114059872,0.00668802984947,sqrt,2,entropy,12,2
0.941506801422,0.00615973119813,sqrt,64,entropy,12,2
0.909192362168,0.006410310923,sqrt,512,entropy,12,2
0.870702983185,0.0175971368334,sqrt,2048,entropy,12,2
0.863271540246,0.0199924463009,sqrt,4096,entropy,12,2
0.839818613486,0.0226946357583,sqrt,8192,entropy,12,2
0.91842168191,0.0094403059723,sqrt,2,entropy,12,64
0.913098151651,0.0155658188617,sqrt,64,entropy,12,64
0.906795581913,0.0117152028642,sqrt,512,entropy,12,64
0.879357853289,0.0178313820892,sqrt,2048,entropy,12,64
0.863924234442,0.0260761887502,sqrt,4096,entropy,12,64
0.821017030636,0.0302140531994,sqrt,8192,entropy,12,64
0.869482965473,0.0148569994162,sqrt,2,entropy,12,512
0.875622480427,0.0206876436445,sqrt,64,entropy,12,512
0.876461589675,0.0156116983005,sqrt,512,entropy,12,512
0.866010212698,0.0132559860142,sqrt,2048,entropy,12,512
0.783400120852,0.261705092534,sqrt,4096,entropy,12,512
0.83499255966,0.0369409483596,sqrt,8192,entropy,12,512
0.823228063934,0.040666595703,sqrt,2,entropy,12,2048
0.741471769847,0.249388423896,sqrt,64,entropy,12,2048
0.800204628723,0.0653656651888,sqrt,512,entropy,12,2048
0.807032795455,0.0690805688016,sqrt,2048,entropy,12,2048
0.821806560298,0.0238135417685,sqrt,4096,entropy,12,2048
0.813715495459,0.0223101479452,sqrt,8192,entropy,12,2048
0.816986281229,0.0313368217455,sqrt,2,entropy,12,4096
0.791432672068,0.0683035773275,sqrt,64,entropy,12,4096
0.791219735782,0.0722925976109,sqrt,512,entropy,12,4096
0.801417531951,0.0360790524753,sqrt,2048,entropy,12,4096
0.796640495067,0.0690351104055,sqrt,4096,entropy,12,4096
0.812517135539,0.0273293039485,sqrt,8192,entropy,12,4096
0.74874070354,0.106792115206,sqrt,2,entropy,12,8192
0.677190216698,0.246677968619,sqrt,64,entropy,12,8192
0.770442059685,0.0689572067999,sqrt,512,entropy,12,8192
0.650053590509,0.246155922648,sqrt,2048,entropy,12,8192
0.773117631977,0.068862234586,sqrt,4096,entropy,12,8192
0.665423333841,0.245761343937,sqrt,8192,entropy,12,8192
0.91852910508,0.0122804890132,log2,2,entropy,12,2
0.904186881857,0.0226401399895,log2,64,entropy,12,2
0.895672448206,0.0150688477144,log2,512,entropy,12,2
0.855109954762,0.0236066640075,log2,2048,entropy,12,2
0.838611641738,0.02342459009,log2,4096,entropy,12,2
0.81056965858,0.0565314637527,log2,8192,entropy,12,2
0.811565601888,0.134907111627,log2,2,entropy,12,64
0.776841273774,0.260797340409,log2,64,entropy,12,64
0.861733822659,0.0310924063865,log2,512,entropy,12,64
0.762635798242,0.255791820693,log2,2048,entropy,12,64
0.72738862415,0.244198387837,log2,4096,entropy,12,64
0.817090826906,0.0542720863044,log2,8192,entropy,12,64
0.724796189545,0.251590730359,log2,2,entropy,12,512
0.724497557446,0.248833186958,log2,64,entropy,12,512
0.839726505082,0.0489306228324,log2,512,entropy,12,512
0.84528062419,0.0223720285798,log2,2048,entropy,12,512
0.710681813936,0.250730686831,log2,4096,entropy,12,512
0.80531103151,0.0323024485424,log2,8192,entropy,12,512
0.779955011127,0.0731041455545,log2,2,entropy,12,2048
0.78493148697,0.0798872056903,log2,64,entropy,12,2048
0.704103271141,0.173746690766,log2,512,entropy,12,2048
0.721531861678,0.248859402961,log2,2048,entropy,12,2048
0.816319060227,0.0552266296872,log2,4096,entropy,12,2048
0.7724482917,0.106407442816,log2,8192,entropy,12,2048
0.686011991416,0.242096470388,log2,2,entropy,12,4096
0.644922942979,0.325664138083,log2,64,entropy,12,4096
0.614050660153,0.319777025999,log2,512,entropy,12,4096
0.725706577317,0.131969962842,log2,2048,entropy,12,4096
0.672529091666,0.250410136663,log2,4096,entropy,12,4096
0.73319620002,0.247495580003,log2,8192,entropy,12,4096
0.541671679207,0.280726307792,log2,2,entropy,12,8192
0.584588819005,0.313678601034,log2,64,entropy,12,8192
0.695127908777,0.111872876686,log2,512,entropy,12,8192
0.413624304466,0.343810692443,log2,2048,entropy,12,8192
0.449903096146,0.305040412603,log2,4096,entropy,12,8192
0.626779010062,0.233528548653,log2,8192,entropy,12,8192
0.978340468183,0.00274416423526,None,2,entropy,13,2
0.974871261803,0.00289183501632,None,64,entropy,13,2
0.94787987176,0.00355955321758,None,512,entropy,13,2
0.931903367469,0.00502654879211,None,2048,entropy,13,2
0.897277083119,0.0064999583621,None,4096,entropy,13,2
0.853700738431,0.00610138631467,None,8192,entropy,13,2
0.96357493789,0.00346900703801,None,2,entropy,13,64
0.963525390295,0.00337965045163,None,64,entropy,13,64
0.946064944899,0.00379590771514,None,512,entropy,13,64
0.931948686997,0.00499369023149,None,2048,entropy,13,64
0.897329578276,0.00652242894235,None,4096,entropy,13,64
0.853746485129,0.00611470846392,None,8192,entropy,13,64
0.916368578093,0.00391625544468,None,2,entropy,13,512
0.916368578093,0.00391625544468,None,64,entropy,13,512
0.916368578093,0.00391625544468,None,512,entropy,13,512
0.922892038298,0.00454925787397,None,2048,entropy,13,512
0.897329578276,0.00652242894235,None,4096,entropy,13,512
0.853746485129,0.00611470846392,None,8192,entropy,13,512
0.892171532788,0.0105936873828,None,2,entropy,13,2048
0.892171532788,0.0105936873828,None,64,entropy,13,2048
0.892171532788,0.0105936873828,None,512,entropy,13,2048
0.892171532788,0.0105936873828,None,2048,entropy,13,2048
0.892171532788,0.0105936873828,None,4096,entropy,13,2048
0.853746485129,0.00611470846392,None,8192,entropy,13,2048
0.853571913946,0.0064245355954,None,2,entropy,13,4096
0.853571913946,0.0064245355954,None,64,entropy,13,4096
0.853571913946,0.0064245355954,None,512,entropy,13,4096
0.853571913946,0.0064245355954,None,2048,entropy,13,4096
0.853571913946,0.0064245355954,None,4096,entropy,13,4096
0.853571913946,0.0064245355954,None,8192,entropy,13,4096
0.85414351147,0.00522643614048,None,2,entropy,13,8192
0.85414351147,0.00522643614048,None,64,entropy,13,8192
0.85414351147,0.00522643614048,None,512,entropy,13,8192
0.85414351147,0.00522643614048,None,2048,entropy,13,8192
0.85414351147,0.00522643614048,None,4096,entropy,13,8192
0.85414351147,0.00522643614048,None,8192,entropy,13,8192
0.950478975616,0.00669692525586,sqrt,2,entropy,13,2
0.939075506767,0.00420217805257,sqrt,64,entropy,13,2
0.908346569666,0.0126034743745,sqrt,512,entropy,13,2
0.875477833979,0.016659805283,sqrt,2048,entropy,13,2
0.846603796156,0.0245932681342,sqrt,4096,entropy,13,2
0.837724287012,0.0245598970405,sqrt,8192,entropy,13,2
0.914968666081,0.00988282531836,sqrt,2,entropy,13,64
0.916449540502,0.00738157921635,sqrt,64,entropy,13,64
0.906975684027,0.00838225731012,sqrt,512,entropy,13,64
0.869396283019,0.0159737484999,sqrt,2048,entropy,13,64
0.861720428535,0.0188120985497,sqrt,4096,entropy,13,64
0.832019518633,0.034724844288,sqrt,8192,entropy,13,64
0.876882075832,0.012262582921,sqrt,2,entropy,13,512
0.860891858919,0.0367181435553,sqrt,64,entropy,13,512
0.866320070656,0.0165551433769,sqrt,512,entropy,13,512
0.862694377975,0.0183302090833,sqrt,2048,entropy,13,512
0.852406852174,0.0224893389291,sqrt,4096,entropy,13,512
0.849872427228,0.0219402745357,sqrt,8192,entropy,13,512
0.814213585238,0.0388514127366,sqrt,2,entropy,13,2048
0.83988652875,0.0268198128492,sqrt,64,entropy,13,2048
0.842057178153,0.0230235476977,sqrt,512,entropy,13,2048
0.821991497421,0.0402974292882,sqrt,2048,entropy,13,2048
0.831752581795,0.0275138442485,sqrt,4096,entropy,13,2048
0.828692571281,0.0389220195337,sqrt,8192,entropy,13,2048
0.825475575393,0.034367015256,sqrt,2,entropy,13,4096
0.801434013966,0.0554913595,sqrt,64,entropy,13,4096
0.806552185993,0.0494042966387,sqrt,512,entropy,13,4096
0.824614520911,0.0260778132959,sqrt,2048,entropy,13,4096
0.812607083245,0.0428833298061,sqrt,4096,entropy,13,4096
0.803168851741,0.0625850021013,sqrt,8192,entropy,13,4096
0.701114735835,0.244186228797,sqrt,2,entropy,13,8192
0.596145393358,0.312235037681,sqrt,64,entropy,13,8192
0.667963081625,0.24619653577,sqrt,512,entropy,13,8192
0.71215992328,0.249081816815,sqrt,2048,entropy,13,8192
0.744494519682,0.100882522993,sqrt,4096,entropy,13,8192
0.624020882783,0.322865904502,sqrt,8192,entropy,13,8192
0.916361854541,0.0171136278063,log2,2,entropy,13,2
0.916737614051,0.011339668256,log2,64,entropy,13,2
0.895379259504,0.0157862907917,log2,512,entropy,13,2
0.861000371815,0.0213409838111,log2,2048,entropy,13,2
0.8579575037,0.020022992169,log2,4096,entropy,13,2
0.821520040373,0.0372683294075,log2,8192,entropy,13,2
0.857684559717,0.0570710183852,log2,2,entropy,13,64
0.875689979439,0.0247710885702,log2,64,entropy,13,64
0.858127355298,0.0441105581438,log2,512,entropy,13,64
0.823771104169,0.0484375195388,log2,2048,entropy,13,64
0.825953953617,0.0297443165449,log2,4096,entropy,13,64
0.826029052747,0.0259454736539,log2,8192,entropy,13,64
0.791879694368,0.0942986493133,log2,2,entropy,13,512
0.713582892377,0.241622007947,log2,64,entropy,13,512
0.823945084363,0.0553147391603,log2,512,entropy,13,512
0.816255814815,0.0579714264953,log2,2048,entropy,13,512
0.735171929142,0.12452871811,log2,4096,entropy,13,512
0.79336246809,0.0573351752603,log2,8192,entropy,13,512
0.650376552882,0.327973982953,log2,2,entropy,13,2048
0.777885561458,0.0842387391125,log2,64,entropy,13,2048
0.752437799235,0.100488740348,log2,512,entropy,13,2048
0.681894129546,0.234607033314,log2,2048,entropy,13,2048
0.657014084577,0.330314514417,log2,4096,entropy,13,2048
0.769894670666,0.0778261250099,log2,8192,entropy,13,2048
0.693553525076,0.0702860647685,log2,2,entropy,13,4096
0.672854176876,0.239690512303,log2,64,entropy,13,4096
0.583307483307,0.382928219423,log2,512,entropy,13,4096
0.764997484617,0.0930245073986,log2,2048,entropy,13,4096
0.678203638376,0.240467583635,log2,4096,entropy,13,4096
0.601938744452,0.311346238842,log2,8192,entropy,13,4096
0.679949661034,0.240052612042,log2,2,entropy,13,8192
0.653418328998,0.237207837306,log2,64,entropy,13,8192
0.768189060609,0.0732375467263,log2,512,entropy,13,8192
0.514574991064,0.340830563905,log2,2048,entropy,13,8192
0.720469105041,0.250079258684,log2,4096,entropy,13,8192
0.617976926763,0.317259333391,log2,8192,entropy,13,8192
0.979242763183,0.00213571673686,None,2,entropy,14,2
0.975574151722,0.0028150804574,None,64,entropy,14,2
0.94787987176,0.00355955321758,None,512,entropy,14,2
0.931903367469,0.00502654879211,None,2048,entropy,14,2
0.897277083119,0.0064999583621,None,4096,entropy,14,2
0.853700738431,0.00610138631467,None,8192,entropy,14,2
0.96442037601,0.00359256388615,None,2,entropy,14,64
0.964370828414,0.00351828388188,None,64,entropy,14,64
0.946064944899,0.00379590771514,None,512,entropy,14,64
0.931948686997,0.00499369023149,None,2048,entropy,14,64
0.897329578276,0.00652242894235,None,4096,entropy,14,64
0.853746485129,0.00611470846392,None,8192,entropy,14,64
0.916368578093,0.00391625544468,None,2,entropy,14,512
0.916368578093,0.00391625544468,None,64,entropy,14,512
0.916368578093,0.00391625544468,None,512,entropy,14,512
0.922892038298,0.00454925787397,None,2048,entropy,14,512
0.897329578276,0.00652242894235,None,4096,entropy,14,512
0.853746485129,0.00611470846392,None,8192,entropy,14,512
0.892171532788,0.0105936873828,None,2,entropy,14,2048
0.892171532788,0.0105936873828,None,64,entropy,14,2048
0.892171532788,0.0105936873828,None,512,entropy,14,2048
0.892171532788,0.0105936873828,None,2048,entropy,14,2048
0.892171532788,0.0105936873828,None,4096,entropy,14,2048
0.853746485129,0.00611470846392,None,8192,entropy,14,2048
0.853571913946,0.0064245355954,None,2,entropy,14,4096
0.853571913946,0.0064245355954,None,64,entropy,14,4096
0.853571913946,0.0064245355954,None,512,entropy,14,4096
0.853571913946,0.0064245355954,None,2048,entropy,14,4096
0.853571913946,0.0064245355954,None,4096,entropy,14,4096
0.853571913946,0.0064245355954,None,8192,entropy,14,4096
0.85414351147,0.00522643614048,None,2,entropy,14,8192
0.85414351147,0.00522643614048,None,64,entropy,14,8192
0.85414351147,0.00522643614048,None,512,entropy,14,8192
0.85414351147,0.00522643614048,None,2048,entropy,14,8192
0.85414351147,0.00522643614048,None,4096,entropy,14,8192
0.85414351147,0.00522643614048,None,8192,entropy,14,8192
0.951449854663,0.0039810099727,sqrt,2,entropy,14,2
0.942473547836,0.00624274449772,sqrt,64,entropy,14,2
0.917328566313,0.0106770164819,sqrt,512,entropy,14,2
0.878484214121,0.00881746553507,sqrt,2048,entropy,14,2
0.847197456692,0.0283695837306,sqrt,4096,entropy,14,2
0.850862040968,0.0232974294802,sqrt,8192,entropy,14,2
0.917903396787,0.0177020986817,sqrt,2,entropy,14,64
0.915537609706,0.0170798869362,sqrt,64,entropy,14,64
0.90565628927,0.00858172475123,sqrt,512,entropy,14,64
0.879854801124,0.0131730708471,sqrt,2048,entropy,14,64
0.863128734606,0.0230418319377,sqrt,4096,entropy,14,64
0.830111498377,0.0290543680538,sqrt,8192,entropy,14,64
0.872856842975,0.0195906213193,sqrt,2,entropy,14,512
0.862409557681,0.0191722614217,sqrt,64,entropy,14,512
0.859017107799,0.0518379323614,sqrt,512,entropy,14,512
0.853363672866,0.0218494744496,sqrt,2048,entropy,14,512
0.857871671955,0.0162286484371,sqrt,4096,entropy,14,512
0.835026660552,0.030529481169,sqrt,8192,entropy,14,512
0.854119142262,0.0190172537048,sqrt,2,entropy,14,2048
0.839761455915,0.0144310069294,sqrt,64,entropy,14,2048
0.852445258372,0.0298026334931,sqrt,512,entropy,14,2048
0.831291893654,0.0430513267072,sqrt,2048,entropy,14,2048
0.812141522558,0.052951809631,sqrt,4096,entropy,14,2048
0.833124708043,0.043272656713,sqrt,8192,entropy,14,2048
0.751896770927,0.254719636767,sqrt,2,entropy,14,4096
0.796907348105,0.0719293108395,sqrt,64,entropy,14,4096
0.802291221763,0.0656603843953,sqrt,512,entropy,14,4096
0.789130136288,0.0800292627379,sqrt,2048,entropy,14,4096
0.814326347863,0.0565453091536,sqrt,4096,entropy,14,4096
0.697545285833,0.247434647513,sqrt,8192,entropy,14,4096
0.640133370038,0.229354484317,sqrt,2,entropy,14,8192
0.73015308291,0.251696897135,sqrt,64,entropy,14,8192
0.659498246954,0.238126416461,sqrt,512,entropy,14,8192
0.693559841806,0.237767817304,sqrt,2048,entropy,14,8192
0.741603478111,0.0795423085694,sqrt,4096,entropy,14,8192
0.790580976104,0.0897910133252,sqrt,8192,entropy,14,8192
0.928602773764,0.0098892606924,log2,2,entropy,14,2
0.920717259583,0.0134584855434,log2,64,entropy,14,2
0.890013035634,0.0147884857181,log2,512,entropy,14,2
0.85009581174,0.0201957085724,log2,2048,entropy,14,2
0.852293960016,0.0207394183335,log2,4096,entropy,14,2
0.815023046812,0.0390443734774,log2,8192,entropy,14,2
0.865529863178,0.0320546318453,log2,2,entropy,14,64
0.874550783702,0.0330360730125,log2,64,entropy,14,64
0.852754818068,0.0554238036746,log2,512,entropy,14,64
0.831001649207,0.0405923799233,log2,2048,entropy,14,64
0.835941850557,0.0381130239446,log2,4096,entropy,14,64
0.805116592643,0.0422697098861,log2,8192,entropy,14,64
0.759846585837,0.106223302828,log2,2,entropy,14,512
0.800152533977,0.0467869873714,log2,64,entropy,14,512
0.748493573729,0.254389250669,log2,512,entropy,14,512
0.789162211768,0.0776385035106,log2,2048,entropy,14,512
0.77135018209,0.0563192877425,log2,4096,entropy,14,512
0.79731204111,0.0307549231331,log2,8192,entropy,14,512
0.699199161804,0.243347793964,log2,2,entropy,14,2048
0.805107627606,0.0633545208096,log2,64,entropy,14,2048
0.685958684111,0.248551599895,log2,512,entropy,14,2048
0.685659351745,0.237766751857,log2,2048,entropy,14,2048
0.704592320721,0.242152115579,log2,4096,entropy,14,2048
0.627470465123,0.265204756776,log2,8192,entropy,14,2048
0.6289938961,0.241240154635,log2,2,entropy,14,4096
0.650945051519,0.231966688109,log2,64,entropy,14,4096
0.709949082554,0.245871854151,log2,512,entropy,14,4096
0.545058569106,0.296381640683,log2,2048,entropy,14,4096
0.738912796146,0.0835878988322,log2,4096,entropy,14,4096
0.528950347861,0.35593022109,log2,8192,entropy,14,4096
0.544701014883,0.282783074197,log2,2,entropy,14,8192
0.519333925495,0.347445878351,log2,64,entropy,14,8192
0.442962517447,0.366985318332,log2,512,entropy,14,8192
0.571007783281,0.301938096177,log2,2048,entropy,14,8192
0.656941005794,0.231320483566,log2,4096,entropy,14,8192
0.565055219365,0.291440694499,log2,8192,entropy,14,8192
